{
  "vision": {
    "mAP": 0.1637998282396886,
    "auc_roc": 0.5386422659963649,
    "accuracy": 0.1425
  },
  "text": {
    "mAP": 1.0,
    "auc_roc": 1.0,
    "accuracy": 0.8558333333333333
  },
  "multimodal": {
    "mAP": 1.0,
    "auc_roc": 1.0,
    "accuracy": 0.8558333333333333
  }
}